name;id;results;time;error;timestamps;httpRequests
interactive-complex-1;0;0;122926;true;;
interactive-complex-1;1;0;127085;true;;
interactive-complex-1;2;0;120882;true;;
interactive-complex-1;3;0;122053;true;;
interactive-complex-1;4;0;130703;true;;
interactive-complex-10;0;0;123704;true;;
interactive-complex-10;1;0;120576;true;;
interactive-complex-10;2;0;122699;true;;
interactive-complex-10;3;0;123035;true;;
interactive-complex-10;4;0;128920;true;;
interactive-complex-11;0;0;123085;true;;
interactive-complex-11;1;0;128021;true;;
interactive-complex-11;2;0;124908;true;;
interactive-complex-11;3;0;129720;true;;
interactive-complex-11;4;0;123547;true;;
interactive-complex-12;0;0;123723;true;;
interactive-complex-12;1;0;131281;true;;
interactive-complex-12;2;0;123365;true;;
interactive-complex-12;3;0;127646;true;;
interactive-complex-12;4;0;121270;true;;
interactive-complex-2;0;0;125270;true;;
interactive-complex-2;1;0;125485;true;;
interactive-complex-2;2;0;127200;true;;
interactive-complex-2;3;0;120565;true;;
interactive-complex-2;4;0;132398;true;;
interactive-complex-3;0;0;121084;true;;
interactive-complex-3;1;0;125934;true;;
interactive-complex-3;2;0;124495;true;;
interactive-complex-3;3;0;124090;true;;
interactive-complex-3;4;0;125524;true;;
interactive-complex-4;0;0;121752;true;;
interactive-complex-4;1;0;125439;true;;
interactive-complex-4;2;0;122242;true;;
interactive-complex-4;3;0;127222;true;;
interactive-complex-4;4;0;128620;true;;
interactive-complex-5;0;0;122521;true;;
interactive-complex-5;1;0;128392;true;;
interactive-complex-5;2;0;124183;true;;
interactive-complex-5;3;0;123011;true;;
interactive-complex-5;4;0;126800;true;;
interactive-complex-6;0;0;122363;true;;
interactive-complex-6;1;0;127682;true;;
interactive-complex-6;2;0;123775;true;;
interactive-complex-6;3;0;131567;true;;
interactive-complex-6;4;0;123217;true;;
interactive-complex-7;0;0;125178;true;;
interactive-complex-7;1;0;121158;true;;
interactive-complex-7;2;0;123175;true;;
interactive-complex-7;3;0;120191;true;;
interactive-complex-7;4;0;130104;true;;
interactive-complex-8;0;0;122018;true;;
interactive-complex-8;1;0;122867;true;;
interactive-complex-8;2;0;122995;true;;
interactive-complex-8;3;0;121759;true;;
interactive-complex-8;4;0;123495;true;;
interactive-complex-9;0;0;121388;true;;
interactive-complex-9;1;0;120675;true;;
interactive-complex-9;2;0;127946;true;;
interactive-complex-9;3;0;122881;true;;
interactive-complex-9;4;0;129768;true;;
