name;id;results;time;error;timestamps;httpRequests
interactive-complex-1;0;0;118972;true;;
interactive-complex-1;1;0;119077;true;;
interactive-complex-1;2;0;1687;false;;38
interactive-complex-1;3;0;119724;true;;
interactive-complex-1;4;0;897;false;;16
interactive-complex-10;0;0;320;false;;21
interactive-complex-10;1;0;795;false;;33
interactive-complex-10;2;0;469;false;;38
interactive-complex-10;3;0;812;false;;54
interactive-complex-10;4;0;204;false;;16
interactive-complex-11;0;0;119916;true;;
interactive-complex-11;1;0;119200;true;;
interactive-complex-11;2;0;119224;true;;
interactive-complex-11;3;0;119076;true;;
interactive-complex-11;4;0;119297;true;;
interactive-complex-12;0;0;12220;false;;66
interactive-complex-12;1;0;803;false;;61
interactive-complex-12;2;0;174;false;;10
interactive-complex-12;3;0;360;false;;32
interactive-complex-12;4;0;43802;false;;49
interactive-complex-2;0;0;9479;false;;66
interactive-complex-2;1;0;6005;false;;61
interactive-complex-2;2;0;668;false;;10
interactive-complex-2;3;0;3938;false;;32
interactive-complex-2;4;0;22380;false;;49
interactive-complex-3;0;0;654;false;;32
interactive-complex-3;1;0;182;false;;14
interactive-complex-3;2;0;493;false;;21
interactive-complex-3;3;0;1086;false;;116
interactive-complex-3;4;0;918;false;;133
interactive-complex-4;0;0;342;false;;27
interactive-complex-4;1;0;1182;false;;50
interactive-complex-4;2;0;182;false;;15
interactive-complex-4;3;0;189;false;;16
interactive-complex-4;4;0;203;false;;17
interactive-complex-5;0;0;120044;true;;
interactive-complex-5;1;0;119702;true;;
interactive-complex-5;2;0;119052;true;;
interactive-complex-5;3;0;119191;true;;
interactive-complex-5;4;0;119153;true;;
interactive-complex-6;0;0;119169;true;;
interactive-complex-6;1;0;119105;true;;
interactive-complex-6;2;0;119075;true;;
interactive-complex-6;3;0;119115;true;;
interactive-complex-6;4;0;119270;true;;
interactive-complex-7;0;0;119364;true;;
interactive-complex-7;1;0;125165;true;;
interactive-complex-7;2;0;119569;true;;
interactive-complex-7;3;0;130989;true;;
interactive-complex-7;4;0;2621;true;;
interactive-complex-8;0;0;122394;true;;
interactive-complex-8;1;0;121103;true;;
interactive-complex-8;2;0;119501;true;;
interactive-complex-8;3;0;119144;true;;
interactive-complex-8;4;0;121360;true;;
interactive-complex-9;0;0;6117;false;;29
interactive-complex-9;1;0;46642;false;;54
interactive-complex-9;2;0;2592;false;;21
interactive-complex-9;3;0;10522;false;;33
interactive-complex-9;4;0;119941;true;;
