name;id;results;time;error;timestamps;httpRequests
interactive-complex-1;0;0;121141;true;;
interactive-complex-1;1;0;128007;true;;
interactive-complex-1;2;0;118813;true;;
interactive-complex-1;3;0;119210;true;;
interactive-complex-1;4;0;121568;true;;
interactive-complex-10;0;0;119849;true;;
interactive-complex-10;1;0;120287;true;;
interactive-complex-10;2;0;2811;false;;91
interactive-complex-10;3;0;120352;true;;
interactive-complex-10;4;0;119450;true;;
interactive-complex-11;0;0;119312;true;;
interactive-complex-11;1;0;126543;true;;
interactive-complex-11;2;0;119026;true;;
interactive-complex-11;3;0;119279;true;;
interactive-complex-11;4;0;123077;true;;
interactive-complex-12;0;0;121290;true;;
interactive-complex-12;1;0;119755;true;;
interactive-complex-12;2;0;123096;true;;
interactive-complex-12;3;0;119681;true;;
interactive-complex-12;4;0;119437;true;;
interactive-complex-2;0;0;119709;true;;
interactive-complex-2;1;0;119200;true;;
interactive-complex-2;2;0;119501;true;;
interactive-complex-2;3;0;119455;true;;
interactive-complex-2;4;0;119230;true;;
interactive-complex-3;0;0;120719;true;;
interactive-complex-3;1;0;14973;false;;89
interactive-complex-3;2;0;122842;true;;
interactive-complex-3;3;0;118974;true;;
interactive-complex-3;4;0;119714;true;;
interactive-complex-4;0;0;119292;true;;
interactive-complex-4;1;0;119231;true;;
interactive-complex-4;2;0;185;false;;14
interactive-complex-4;3;0;33;false;;4
interactive-complex-4;4;0;0;false;;1
interactive-complex-5;0;0;120784;true;;
interactive-complex-5;1;0;119314;true;;
interactive-complex-5;2;0;119298;true;;
interactive-complex-5;3;0;120749;true;;
interactive-complex-5;4;0;119796;true;;
interactive-complex-6;0;0;119333;true;;
interactive-complex-6;1;0;119292;true;;
interactive-complex-6;2;0;119062;true;;
interactive-complex-6;3;0;119096;true;;
interactive-complex-6;4;0;119181;true;;
interactive-complex-7;0;0;120777;true;;
interactive-complex-7;1;0;119151;true;;
interactive-complex-7;2;0;118335;true;;
interactive-complex-7;3;0;137014;true;;
interactive-complex-7;4;0;127942;true;;
interactive-complex-8;0;0;123523;true;;
interactive-complex-8;1;0;123329;true;;
interactive-complex-8;2;0;121558;true;;
interactive-complex-8;3;0;120781;true;;
interactive-complex-8;4;0;122196;true;;
interactive-complex-9;0;0;26717;false;;93
interactive-complex-9;1;0;120937;true;;
interactive-complex-9;2;0;119600;true;;
interactive-complex-9;3;0;119978;true;;
interactive-complex-9;4;0;119534;true;;
