name;id;results;time;error;timestamps;httpRequests
interactive-complex-1;0;0;118976;true;;
interactive-complex-1;1;0;119093;true;;
interactive-complex-1;2;0;1363;false;;11
interactive-complex-1;3;0;119678;true;;
interactive-complex-1;4;0;881;false;;10
interactive-complex-10;0;0;124;false;;9
interactive-complex-10;1;0;381;false;;17
interactive-complex-10;2;0;127;false;;11
interactive-complex-10;3;0;765;false;;39
interactive-complex-10;4;0;118;false;;10
interactive-complex-11;0;0;119742;true;;
interactive-complex-11;1;0;119133;true;;
interactive-complex-11;2;0;119116;true;;
interactive-complex-11;3;0;119108;true;;
interactive-complex-11;4;0;119166;true;;
interactive-complex-12;0;0;11480;false;;44
interactive-complex-12;1;0;807;false;;51
interactive-complex-12;2;0;11;false;;1
interactive-complex-12;3;0;131;false;;11
interactive-complex-12;4;0;76006;false;;37
interactive-complex-2;0;0;6845;false;;44
interactive-complex-2;1;0;4905;false;;51
interactive-complex-2;2;0;4;false;;1
interactive-complex-2;3;0;1508;false;;11
interactive-complex-2;4;0;21280;false;;37
interactive-complex-3;0;0;274;false;;19
interactive-complex-3;1;0;2;false;;1
interactive-complex-3;2;0;75;false;;6
interactive-complex-3;3;0;987;false;;100
interactive-complex-3;4;0;1137;false;;122
interactive-complex-4;0;0;91;false;;10
interactive-complex-4;1;0;910;false;;37
interactive-complex-4;2;0;49;false;;5
interactive-complex-4;3;0;38;false;;4
interactive-complex-4;4;0;0;false;;1
interactive-complex-5;0;0;119978;true;;
interactive-complex-5;1;0;119325;true;;
interactive-complex-5;2;0;119327;true;;
interactive-complex-5;3;0;119168;true;;
interactive-complex-5;4;0;119236;true;;
interactive-complex-6;0;0;119212;true;;
interactive-complex-6;1;0;119063;true;;
interactive-complex-6;2;0;119316;true;;
interactive-complex-6;3;0;119244;true;;
interactive-complex-6;4;0;119135;true;;
interactive-complex-7;0;0;123504;true;;
interactive-complex-7;1;0;120560;true;;
interactive-complex-7;2;0;123348;true;;
interactive-complex-7;3;0;131721;true;;
interactive-complex-7;4;0;120421;true;;
interactive-complex-8;0;0;124343;true;;
interactive-complex-8;1;0;121769;true;;
interactive-complex-8;2;0;119595;true;;
interactive-complex-8;3;0;125645;true;;
interactive-complex-8;4;0;119764;true;;
interactive-complex-9;0;0;1400;false;;9
interactive-complex-9;1;0;41192;false;;39
interactive-complex-9;2;0;914;false;;9
interactive-complex-9;3;0;7311;false;;17
interactive-complex-9;4;0;120122;true;;
