name;id;results;time;error;timestamps;httpRequests
interactive-complex-1;0;0;122462;true;;
interactive-complex-1;1;0;120811;true;;
interactive-complex-1;2;0;120423;true;;
interactive-complex-1;3;0;129057;true;;
interactive-complex-1;4;0;125316;true;;
interactive-complex-10;0;0;129325;true;;
interactive-complex-10;1;0;122329;true;;
interactive-complex-10;2;0;123182;true;;
interactive-complex-10;3;0;127564;true;;
interactive-complex-10;4;0;122568;true;;
interactive-complex-11;0;0;126261;true;;
interactive-complex-11;1;0;127099;true;;
interactive-complex-11;2;0;131107;true;;
interactive-complex-11;3;0;127589;true;;
interactive-complex-11;4;0;126286;true;;
interactive-complex-12;0;0;129087;true;;
interactive-complex-12;1;0;141462;true;;
interactive-complex-12;2;0;124476;true;;
interactive-complex-12;3;0;124597;true;;
interactive-complex-12;4;0;139601;true;;
interactive-complex-2;0;0;140830;true;;
interactive-complex-2;1;0;130656;true;;
interactive-complex-2;2;0;130666;true;;
interactive-complex-2;3;0;126603;true;;
interactive-complex-2;4;0;133737;true;;
interactive-complex-3;0;0;126740;true;;
interactive-complex-3;1;0;126483;true;;
interactive-complex-3;2;0;121902;true;;
interactive-complex-3;3;0;125027;true;;
interactive-complex-3;4;0;123840;true;;
interactive-complex-4;0;0;132812;true;;
interactive-complex-4;1;0;124007;true;;
interactive-complex-4;2;0;129181;true;;
interactive-complex-4;3;0;125849;true;;
interactive-complex-4;4;0;122202;true;;
interactive-complex-5;0;0;125620;true;;
interactive-complex-5;1;0;124140;true;;
interactive-complex-5;2;0;121248;true;;
interactive-complex-5;3;0;123236;true;;
interactive-complex-5;4;0;123418;true;;
interactive-complex-6;0;0;123971;true;;
interactive-complex-6;1;0;122253;true;;
interactive-complex-6;2;0;132774;true;;
interactive-complex-6;3;0;124401;true;;
interactive-complex-6;4;0;125233;true;;
interactive-complex-7;0;0;121095;true;;
interactive-complex-7;1;0;121973;true;;
interactive-complex-7;2;0;122165;true;;
interactive-complex-7;3;0;130156;true;;
interactive-complex-7;4;0;148400;true;;
interactive-complex-8;0;0;122940;true;;
interactive-complex-8;1;0;126844;true;;
interactive-complex-8;2;0;125396;true;;
interactive-complex-8;3;0;120831;true;;
interactive-complex-8;4;0;121692;true;;
interactive-complex-9;0;0;124577;true;;
interactive-complex-9;1;0;139287;true;;
interactive-complex-9;2;0;122916;true;;
interactive-complex-9;3;0;128261;true;;
interactive-complex-9;4;0;121393;true;;
