name;id;results;time;error;timestamps;httpRequests
interactive-complex-1;0;0;126186;true;;
interactive-complex-1;1;0;120602;true;;
interactive-complex-1;2;0;122095;true;;
interactive-complex-1;3;0;125188;true;;
interactive-complex-1;4;0;130238;true;;
interactive-complex-10;0;0;116450;true;;
interactive-complex-10;1;0;122129;true;;
interactive-complex-10;2;0;123045;true;;
interactive-complex-10;3;0;121862;true;;
interactive-complex-10;4;0;132160;true;;
interactive-complex-11;0;0;130606;true;;
interactive-complex-11;1;0;133337;true;;
interactive-complex-11;2;0;122988;true;;
interactive-complex-11;3;0;128105;true;;
interactive-complex-11;4;0;123325;true;;
interactive-complex-12;0;0;135232;true;;
interactive-complex-12;1;0;155966;true;;
interactive-complex-12;2;0;123848;true;;
interactive-complex-12;3;0;128437;true;;
interactive-complex-12;4;0;137984;true;;
interactive-complex-2;0;0;126425;true;;
interactive-complex-2;1;0;124039;true;;
interactive-complex-2;2;0;131399;true;;
interactive-complex-2;3;0;122828;true;;
interactive-complex-2;4;0;120444;true;;
interactive-complex-3;0;0;84253;true;;
interactive-complex-3;1;0;133878;true;;
interactive-complex-3;2;0;130181;true;;
interactive-complex-3;3;0;129666;true;;
interactive-complex-3;4;0;126000;true;;
interactive-complex-4;0;0;128264;true;;
interactive-complex-4;1;0;152313;true;;
interactive-complex-4;2;0;122235;true;;
interactive-complex-4;3;0;126958;true;;
interactive-complex-4;4;0;127639;true;;
interactive-complex-5;0;0;121998;true;;
interactive-complex-5;1;0;122699;true;;
interactive-complex-5;2;0;136595;true;;
interactive-complex-5;3;0;124790;true;;
interactive-complex-5;4;0;127108;true;;
interactive-complex-6;0;0;128645;true;;
interactive-complex-6;1;0;134333;true;;
interactive-complex-6;2;0;127025;true;;
interactive-complex-6;3;0;123544;true;;
interactive-complex-6;4;0;121098;true;;
interactive-complex-7;0;0;122033;true;;
interactive-complex-7;1;0;165963;true;;
interactive-complex-7;2;0;128420;true;;
interactive-complex-7;3;0;126553;true;;
interactive-complex-7;4;0;133247;true;;
interactive-complex-8;0;0;123239;true;;
interactive-complex-8;1;0;124602;true;;
interactive-complex-8;2;0;120586;true;;
interactive-complex-8;3;0;122512;true;;
interactive-complex-8;4;0;123065;true;;
interactive-complex-9;0;0;125729;true;;
interactive-complex-9;1;0;123902;true;;
interactive-complex-9;2;0;121328;true;;
interactive-complex-9;3;0;126483;true;;
interactive-complex-9;4;0;129210;true;;
