name;id;results;time;error;timestamps;httpRequests
interactive-complex-1;0;0;124404;true;;
interactive-complex-1;1;0;130207;true;;
interactive-complex-1;2;0;118836;true;;
interactive-complex-1;3;0;119232;true;;
interactive-complex-1;4;0;119922;true;;
interactive-complex-10;0;0;119207;true;;
interactive-complex-10;1;0;127755;true;;
interactive-complex-10;2;0;3149;false;;118
interactive-complex-10;3;0;120586;true;;
interactive-complex-10;4;0;119443;true;;
interactive-complex-11;0;0;119026;true;;
interactive-complex-11;1;0;123307;true;;
interactive-complex-11;2;0;118949;true;;
interactive-complex-11;3;0;118938;true;;
interactive-complex-11;4;0;119316;true;;
interactive-complex-12;0;0;122918;true;;
interactive-complex-12;1;0;127331;true;;
interactive-complex-12;2;0;120098;true;;
interactive-complex-12;3;0;123428;true;;
interactive-complex-12;4;0;119938;true;;
interactive-complex-2;0;0;121125;true;;
interactive-complex-2;1;0;120421;true;;
interactive-complex-2;2;0;122463;true;;
interactive-complex-2;3;0;122028;true;;
interactive-complex-2;4;0;122364;true;;
interactive-complex-3;0;0;121604;true;;
interactive-complex-3;1;0;14268;false;;105
interactive-complex-3;2;0;123610;true;;
interactive-complex-3;3;0;125186;true;;
interactive-complex-3;4;0;121689;true;;
interactive-complex-4;0;0;119409;true;;
interactive-complex-4;1;0;119198;true;;
interactive-complex-4;2;0;304;false;;24
interactive-complex-4;3;0;275;false;;16
interactive-complex-4;4;0;235;false;;17
interactive-complex-5;0;0;121658;true;;
interactive-complex-5;1;0;119809;true;;
interactive-complex-5;2;0;119040;true;;
interactive-complex-5;3;0;119523;true;;
interactive-complex-5;4;0;119573;true;;
interactive-complex-6;0;0;120003;true;;
interactive-complex-6;1;0;119664;true;;
interactive-complex-6;2;0;119022;true;;
interactive-complex-6;3;0;119061;true;;
interactive-complex-6;4;0;119350;true;;
interactive-complex-7;0;0;120026;true;;
interactive-complex-7;1;0;118269;true;;
interactive-complex-7;2;0;121211;true;;
interactive-complex-7;3;0;124970;true;;
interactive-complex-7;4;0;123806;true;;
interactive-complex-8;0;0;124213;true;;
interactive-complex-8;1;0;122500;true;;
interactive-complex-8;2;0;123100;true;;
interactive-complex-8;3;0;149632;true;;
interactive-complex-8;4;0;123213;true;;
interactive-complex-9;0;0;122271;true;;
interactive-complex-9;1;0;123543;true;;
interactive-complex-9;2;0;125208;true;;
interactive-complex-9;3;0;124333;true;;
interactive-complex-9;4;0;120897;true;;
