name;id;results;time;error;timestamps;httpRequests
interactive-complex-1;0;0;121610;true;;
interactive-complex-1;1;0;124052;true;;
interactive-complex-1;2;0;119615;true;;
interactive-complex-1;3;0;121778;true;;
interactive-complex-1;4;0;123023;true;;
interactive-complex-10;0;0;120014;true;;
interactive-complex-10;1;0;120694;true;;
interactive-complex-10;2;0;3041;false;;117
interactive-complex-10;3;0;120000;true;;
interactive-complex-10;4;0;124659;true;;
interactive-complex-11;0;0;119787;true;;
interactive-complex-11;1;0;119864;true;;
interactive-complex-11;2;0;119835;true;;
interactive-complex-11;3;0;120022;true;;
interactive-complex-11;4;0;121589;true;;
interactive-complex-12;0;0;121091;true;;
interactive-complex-12;1;0;121033;true;;
interactive-complex-12;2;0;123316;true;;
interactive-complex-12;3;0;147601;true;;
interactive-complex-12;4;0;122727;true;;
interactive-complex-2;0;0;139400;true;;
interactive-complex-2;1;0;124930;true;;
interactive-complex-2;2;0;135011;true;;
interactive-complex-2;3;0;129266;true;;
interactive-complex-2;4;0;144623;true;;
interactive-complex-3;0;0;144281;true;;
interactive-complex-3;1;0;16306;false;;105
interactive-complex-3;2;0;134022;true;;
interactive-complex-3;3;0;133322;true;;
interactive-complex-3;4;0;132172;true;;
interactive-complex-4;0;0;120342;true;;
interactive-complex-4;1;0;119942;true;;
interactive-complex-4;2;0;316;false;;22
interactive-complex-4;3;0;287;false;;15
interactive-complex-4;4;0;449;false;;17
interactive-complex-5;0;0;121083;true;;
interactive-complex-5;1;0;119880;true;;
interactive-complex-5;2;0;120202;true;;
interactive-complex-5;3;0;125607;true;;
interactive-complex-5;4;0;121105;true;;
interactive-complex-6;0;0;120019;true;;
interactive-complex-6;1;0;122479;true;;
interactive-complex-6;2;0;119837;true;;
interactive-complex-6;3;0;119815;true;;
interactive-complex-6;4;0;128312;true;;
interactive-complex-7;0;0;119046;true;;
interactive-complex-7;1;0;124315;true;;
interactive-complex-7;2;0;156324;true;;
interactive-complex-7;3;0;137186;true;;
interactive-complex-7;4;0;125873;true;;
interactive-complex-8;0;0;137529;true;;
interactive-complex-8;1;0;137148;true;;
interactive-complex-8;2;0;123772;true;;
interactive-complex-8;3;0;128042;true;;
interactive-complex-8;4;0;141198;true;;
interactive-complex-9;0;0;159498;true;;
interactive-complex-9;1;0;127088;true;;
interactive-complex-9;2;0;146837;true;;
interactive-complex-9;3;0;128957;true;;
interactive-complex-9;4;0;134155;true;;
