name;id;results;time;error;timestamps;httpRequests
interactive-complex-1;0;0;128841;true;;
interactive-complex-1;1;0;124390;true;;
interactive-complex-1;2;0;118911;true;;
interactive-complex-1;3;0;123599;true;;
interactive-complex-1;4;0;121781;true;;
interactive-complex-10;0;0;124455;true;;
interactive-complex-10;1;0;119789;true;;
interactive-complex-10;2;0;3333;false;;118
interactive-complex-10;3;0;119870;true;;
interactive-complex-10;4;0;125951;true;;
interactive-complex-11;0;0;119698;true;;
interactive-complex-11;1;0;119367;true;;
interactive-complex-11;2;0;119072;true;;
interactive-complex-11;3;0;119084;true;;
interactive-complex-11;4;0;119488;true;;
interactive-complex-12;0;0;120730;true;;
interactive-complex-12;1;0;121157;true;;
interactive-complex-12;2;0;120193;true;;
interactive-complex-12;3;0;123230;true;;
interactive-complex-12;4;0;120607;true;;
interactive-complex-2;0;0;127592;true;;
interactive-complex-2;1;0;122295;true;;
interactive-complex-2;2;0;121469;true;;
interactive-complex-2;3;0;99225;true;;
interactive-complex-2;4;0;121808;true;;
interactive-complex-3;0;0;120925;true;;
interactive-complex-3;1;0;15194;false;;105
interactive-complex-3;2;0;156022;true;;
interactive-complex-3;3;0;124309;true;;
interactive-complex-3;4;0;125199;true;;
interactive-complex-4;0;0;119183;true;;
interactive-complex-4;1;0;119132;true;;
interactive-complex-4;2;0;292;false;;24
interactive-complex-4;3;0;228;false;;16
interactive-complex-4;4;0;207;false;;17
interactive-complex-5;0;0;120723;true;;
interactive-complex-5;1;0;119244;true;;
interactive-complex-5;2;0;119096;true;;
interactive-complex-5;3;0;120114;true;;
interactive-complex-5;4;0;131196;true;;
interactive-complex-6;0;0;119418;true;;
interactive-complex-6;1;0;119263;true;;
interactive-complex-6;2;0;119266;true;;
interactive-complex-6;3;0;119026;true;;
interactive-complex-6;4;0;119172;true;;
interactive-complex-7;0;0;118891;true;;
interactive-complex-7;1;0;119650;true;;
interactive-complex-7;2;0;123100;true;;
interactive-complex-7;3;0;118405;true;;
interactive-complex-7;4;0;119921;true;;
interactive-complex-8;0;0;120922;true;;
interactive-complex-8;1;0;140208;true;;
interactive-complex-8;2;0;123586;true;;
interactive-complex-8;3;0;125703;true;;
interactive-complex-8;4;0;122123;true;;
interactive-complex-9;0;0;122700;true;;
interactive-complex-9;1;0;120806;true;;
interactive-complex-9;2;0;124134;true;;
interactive-complex-9;3;0;125333;true;;
interactive-complex-9;4;0;121515;true;;
