name;id;results;time;error;timestamps;httpRequests
interactive-complex-1;0;0;143296;true;;
interactive-complex-1;1;0;129199;true;;
interactive-complex-1;2;0;121569;true;;
interactive-complex-1;3;0;125987;true;;
interactive-complex-1;4;0;133288;true;;
interactive-complex-10;0;0;122009;true;;
interactive-complex-10;1;0;124745;true;;
interactive-complex-10;2;0;123237;true;;
interactive-complex-10;3;0;126754;true;;
interactive-complex-10;4;0;128424;true;;
interactive-complex-11;0;0;124564;true;;
interactive-complex-11;1;0;123764;true;;
interactive-complex-11;2;0;131777;true;;
interactive-complex-11;3;0;128813;true;;
interactive-complex-11;4;0;123135;true;;
interactive-complex-12;0;0;135451;true;;
interactive-complex-12;1;0;148826;true;;
interactive-complex-12;2;0;122555;true;;
interactive-complex-12;3;0;123506;true;;
interactive-complex-12;4;0;136524;true;;
interactive-complex-2;0;0;124698;true;;
interactive-complex-2;1;0;122339;true;;
interactive-complex-2;2;0;122363;true;;
interactive-complex-2;3;0;122718;true;;
interactive-complex-2;4;0;98942;true;;
interactive-complex-3;0;0;83461;true;;
interactive-complex-3;1;0;127619;true;;
interactive-complex-3;2;0;105780;true;;
interactive-complex-3;3;0;121722;true;;
interactive-complex-3;4;0;109054;true;;
interactive-complex-4;0;0;123869;true;;
interactive-complex-4;1;0;126316;true;;
interactive-complex-4;2;0;128013;true;;
interactive-complex-4;3;0;124949;true;;
interactive-complex-4;4;0;123792;true;;
interactive-complex-5;0;0;124400;true;;
interactive-complex-5;1;0;123403;true;;
interactive-complex-5;2;0;129115;true;;
interactive-complex-5;3;0;127384;true;;
interactive-complex-5;4;0;123936;true;;
interactive-complex-6;0;0;132100;true;;
interactive-complex-6;1;0;125671;true;;
interactive-complex-6;2;0;127184;true;;
interactive-complex-6;3;0;128901;true;;
interactive-complex-6;4;0;134713;true;;
interactive-complex-7;0;0;119445;true;;
interactive-complex-7;1;0;129707;true;;
interactive-complex-7;2;0;132171;true;;
interactive-complex-7;3;0;119699;true;;
interactive-complex-7;4;0;124158;true;;
interactive-complex-8;0;0;120610;true;;
interactive-complex-8;1;0;122315;true;;
interactive-complex-8;2;0;123414;true;;
interactive-complex-8;3;0;136377;true;;
interactive-complex-8;4;0;128377;true;;
interactive-complex-9;0;0;124592;true;;
interactive-complex-9;1;0;131714;true;;
interactive-complex-9;2;0;125516;true;;
interactive-complex-9;3;0;130333;true;;
interactive-complex-9;4;0;127895;true;;
