name;id;results;time;error;timestamps;httpRequests
interactive-complex-1;0;0;121517;true;;
interactive-complex-1;1;0;120792;true;;
interactive-complex-1;2;0;123910;true;;
interactive-complex-1;3;0;123865;true;;
interactive-complex-1;4;0;127035;true;;
interactive-complex-10;0;0;128321;true;;
interactive-complex-10;1;0;121911;true;;
interactive-complex-10;2;0;122347;true;;
interactive-complex-10;3;0;127485;true;;
interactive-complex-10;4;0;124863;true;;
interactive-complex-11;0;0;122852;true;;
interactive-complex-11;1;0;127813;true;;
interactive-complex-11;2;0;127796;true;;
interactive-complex-11;3;0;122628;true;;
interactive-complex-11;4;0;128063;true;;
interactive-complex-12;0;0;126793;true;;
interactive-complex-12;1;0;135878;true;;
interactive-complex-12;2;0;125350;true;;
interactive-complex-12;3;0;123086;true;;
interactive-complex-12;4;0;137528;true;;
interactive-complex-2;0;0;133606;true;;
interactive-complex-2;1;0;131116;true;;
interactive-complex-2;2;0;123707;true;;
interactive-complex-2;3;0;121072;true;;
interactive-complex-2;4;0;134079;true;;
interactive-complex-3;0;0;134210;true;;
interactive-complex-3;1;0;127537;true;;
interactive-complex-3;2;0;122297;true;;
interactive-complex-3;3;0;124629;true;;
interactive-complex-3;4;0;124624;true;;
interactive-complex-4;0;0;124181;true;;
interactive-complex-4;1;0;126680;true;;
interactive-complex-4;2;0;132671;true;;
interactive-complex-4;3;0;125850;true;;
interactive-complex-4;4;0;127837;true;;
interactive-complex-5;0;0;126620;true;;
interactive-complex-5;1;0;126852;true;;
interactive-complex-5;2;0;126511;true;;
interactive-complex-5;3;0;131022;true;;
interactive-complex-5;4;0;126816;true;;
interactive-complex-6;0;0;127382;true;;
interactive-complex-6;1;0;121995;true;;
interactive-complex-6;2;0;127656;true;;
interactive-complex-6;3;0;137103;true;;
interactive-complex-6;4;0;128196;true;;
interactive-complex-7;0;0;129520;true;;
interactive-complex-7;1;0;122035;true;;
interactive-complex-7;2;0;124695;true;;
interactive-complex-7;3;0;125006;true;;
interactive-complex-7;4;0;141080;true;;
interactive-complex-8;0;0;120333;true;;
interactive-complex-8;1;0;125656;true;;
interactive-complex-8;2;0;125522;true;;
interactive-complex-8;3;0;125403;true;;
interactive-complex-8;4;0;124289;true;;
interactive-complex-9;0;0;123504;true;;
interactive-complex-9;1;0;121140;true;;
interactive-complex-9;2;0;129376;true;;
interactive-complex-9;3;0;128182;true;;
interactive-complex-9;4;0;131031;true;;
