name;id;results;time;error;timestamps;httpRequests
interactive-complex-1;0;0;121678;true;;
interactive-complex-1;1;0;120284;true;;
interactive-complex-1;2;0;120810;true;;
interactive-complex-1;3;0;122309;true;;
interactive-complex-1;4;0;124494;true;;
interactive-complex-10;0;0;125786;true;;
interactive-complex-10;1;0;122277;true;;
interactive-complex-10;2;0;123238;true;;
interactive-complex-10;3;0;124186;true;;
interactive-complex-10;4;0;126894;true;;
interactive-complex-11;0;0;128970;true;;
interactive-complex-11;1;0;124025;true;;
interactive-complex-11;2;0;121656;true;;
interactive-complex-11;3;0;127889;true;;
interactive-complex-11;4;0;128962;true;;
interactive-complex-12;0;0;125438;true;;
interactive-complex-12;1;0;130053;true;;
interactive-complex-12;2;0;128515;true;;
interactive-complex-12;3;0;129574;true;;
interactive-complex-12;4;0;129345;true;;
interactive-complex-2;0;0;121503;true;;
interactive-complex-2;1;0;120476;true;;
interactive-complex-2;2;0;121282;true;;
interactive-complex-2;3;0;123417;true;;
interactive-complex-2;4;0;124777;true;;
interactive-complex-3;0;0;136311;true;;
interactive-complex-3;1;0;128082;true;;
interactive-complex-3;2;0;124428;true;;
interactive-complex-3;3;0;122394;true;;
interactive-complex-3;4;0;122789;true;;
interactive-complex-4;0;0;126116;true;;
interactive-complex-4;1;0;122677;true;;
interactive-complex-4;2;0;123981;true;;
interactive-complex-4;3;0;128104;true;;
interactive-complex-4;4;0;126303;true;;
interactive-complex-5;0;0;126006;true;;
interactive-complex-5;1;0;128224;true;;
interactive-complex-5;2;0;122407;true;;
interactive-complex-5;3;0;126215;true;;
interactive-complex-5;4;0;128459;true;;
interactive-complex-6;0;0;123494;true;;
interactive-complex-6;1;0;126133;true;;
interactive-complex-6;2;0;121940;true;;
interactive-complex-6;3;0;120875;true;;
interactive-complex-6;4;0;125335;true;;
interactive-complex-7;0;0;122702;true;;
interactive-complex-7;1;0;120063;true;;
interactive-complex-7;2;0;120398;true;;
interactive-complex-7;3;0;124912;true;;
interactive-complex-7;4;0;143851;true;;
interactive-complex-8;0;0;126081;true;;
interactive-complex-8;1;0;123424;true;;
interactive-complex-8;2;0;121506;true;;
interactive-complex-8;3;0;123668;true;;
interactive-complex-8;4;0;121190;true;;
interactive-complex-9;0;0;129988;true;;
interactive-complex-9;1;0;122763;true;;
interactive-complex-9;2;0;124594;true;;
interactive-complex-9;3;0;125262;true;;
interactive-complex-9;4;0;128420;true;;
