name;id;results;time;error;timestamps;httpRequests
interactive-complex-1;0;0;119735;true;;
interactive-complex-1;1;0;119694;true;;
interactive-complex-1;2;0;119670;true;;
interactive-complex-1;3;0;125098;true;;
interactive-complex-1;4;0;119682;true;;
interactive-complex-10;0;0;393;false;;11
interactive-complex-10;1;0;2066;false;;57
interactive-complex-10;2;0;1774;false;;74
interactive-complex-10;3;0;120099;true;;
interactive-complex-10;4;0;917;false;;8
interactive-complex-11;0;0;119826;true;;
interactive-complex-11;1;0;119854;true;;
interactive-complex-11;2;0;119826;true;;
interactive-complex-11;3;0;119796;true;;
interactive-complex-11;4;0;119852;true;;
interactive-complex-12;0;0;24234;false;;381
interactive-complex-12;1;0;31168;false;;639
interactive-complex-12;2;0;10727;false;;93
interactive-complex-12;3;0;10258;false;;83
interactive-complex-12;4;0;43791;false;;978
interactive-complex-2;0;0;45822;false;;380
interactive-complex-2;1;0;79316;false;;638
interactive-complex-2;2;0;16411;false;;92
interactive-complex-2;3;0;16201;false;;82
interactive-complex-2;4;0;120022;true;;
interactive-complex-3;0;0;119779;true;;
interactive-complex-3;1;0;14914;false;;89
interactive-complex-3;2;0;11376;false;;95
interactive-complex-3;3;0;119783;true;;
interactive-complex-3;4;0;119734;true;;
interactive-complex-4;0;0;9951;false;;299
interactive-complex-4;1;0;7477;false;;243
interactive-complex-4;2;0;0;false;;1
interactive-complex-4;3;0;0;false;;1
interactive-complex-4;4;0;1;false;;1
interactive-complex-5;0;0;119908;true;;
interactive-complex-5;1;0;119886;true;;
interactive-complex-5;2;0;119823;true;;
interactive-complex-5;3;0;119771;true;;
interactive-complex-5;4;0;119822;true;;
interactive-complex-6;0;0;119877;true;;
interactive-complex-6;1;0;119846;true;;
interactive-complex-6;2;0;119818;true;;
interactive-complex-6;3;0;119826;true;;
interactive-complex-6;4;0;119873;true;;
interactive-complex-7;0;0;118474;true;;
interactive-complex-7;1;0;121395;true;;
interactive-complex-7;2;0;141208;true;;
interactive-complex-7;3;0;158636;true;;
interactive-complex-7;4;0;119263;true;;
interactive-complex-8;0;0;119291;true;;
interactive-complex-8;1;0;119138;true;;
interactive-complex-8;2;0;119612;true;;
interactive-complex-8;3;0;119580;true;;
interactive-complex-8;4;0;119633;true;;
interactive-complex-9;0;0;25549;false;;82
interactive-complex-9;1;0;93695;false;;502
interactive-complex-9;2;0;19042;false;;82
interactive-complex-9;3;0;18443;false;;82
interactive-complex-9;4;0;119829;true;;
