name;id;results;time;error;timestamps;httpRequests
interactive-complex-1;0;0;125586;true;;
interactive-complex-1;1;0;153956;true;;
interactive-complex-1;2;0;118754;true;;
interactive-complex-1;3;0;122675;true;;
interactive-complex-1;4;0;122131;true;;
interactive-complex-10;0;0;119465;true;;
interactive-complex-10;1;0;119863;true;;
interactive-complex-10;2;0;2888;false;;91
interactive-complex-10;3;0;119890;true;;
interactive-complex-10;4;0;121982;true;;
interactive-complex-11;0;0;119193;true;;
interactive-complex-11;1;0;122596;true;;
interactive-complex-11;2;0;119204;true;;
interactive-complex-11;3;0;119180;true;;
interactive-complex-11;4;0;119225;true;;
interactive-complex-12;0;0;119816;true;;
interactive-complex-12;1;0;119887;true;;
interactive-complex-12;2;0;120069;true;;
interactive-complex-12;3;0;119255;true;;
interactive-complex-12;4;0;121004;true;;
interactive-complex-2;0;0;120233;true;;
interactive-complex-2;1;0;119159;true;;
interactive-complex-2;2;0;119404;true;;
interactive-complex-2;3;0;119709;true;;
interactive-complex-2;4;0;119488;true;;
interactive-complex-3;0;0;119105;true;;
interactive-complex-3;1;0;14692;false;;89
interactive-complex-3;2;0;119741;true;;
interactive-complex-3;3;0;119015;true;;
interactive-complex-3;4;0;119773;true;;
interactive-complex-4;0;0;119201;true;;
interactive-complex-4;1;0;119300;true;;
interactive-complex-4;2;0;155;false;;14
interactive-complex-4;3;0;38;false;;4
interactive-complex-4;4;0;1;false;;1
interactive-complex-5;0;0;121945;true;;
interactive-complex-5;1;0;119281;true;;
interactive-complex-5;2;0;119535;true;;
interactive-complex-5;3;0;121935;true;;
interactive-complex-5;4;0;120488;true;;
interactive-complex-6;0;0;119291;true;;
interactive-complex-6;1;0;119629;true;;
interactive-complex-6;2;0;118996;true;;
interactive-complex-6;3;0;119119;true;;
interactive-complex-6;4;0;119154;true;;
interactive-complex-7;0;0;119193;true;;
interactive-complex-7;1;0;118442;true;;
interactive-complex-7;2;0;119637;true;;
interactive-complex-7;3;0;118445;true;;
interactive-complex-7;4;0;128888;true;;
interactive-complex-8;0;0;120859;true;;
interactive-complex-8;1;0;119253;true;;
interactive-complex-8;2;0;119413;true;;
interactive-complex-8;3;0;124859;true;;
interactive-complex-8;4;0;119728;true;;
interactive-complex-9;0;0;26679;false;;93
interactive-complex-9;1;0;120682;true;;
interactive-complex-9;2;0;119477;true;;
interactive-complex-9;3;0;119157;true;;
interactive-complex-9;4;0;119261;true;;
