name;id;results;time;error;timestamps;httpRequests
interactive-complex-1;0;0;182;false;;1
interactive-complex-1;1;0;103;false;;1
interactive-complex-1;2;0;286;false;;1
interactive-complex-1;3;0;206;false;;1
interactive-complex-1;4;0;200;false;;1
interactive-complex-10;0;0;72;false;;1
interactive-complex-10;1;0;76;false;;1
interactive-complex-10;2;0;14;false;;1
interactive-complex-10;3;0;25;false;;1
interactive-complex-10;4;0;25;false;;1
interactive-complex-11;0;0;119911;true;;
interactive-complex-11;1;0;119924;true;;
interactive-complex-11;2;0;119894;true;;
interactive-complex-11;3;0;8;false;;1
interactive-complex-11;4;0;0;false;;1
interactive-complex-12;0;0;90;false;;1
interactive-complex-12;1;0;118;false;;1
interactive-complex-12;2;0;65;false;;1
interactive-complex-12;3;0;1;false;;1
interactive-complex-12;4;0;192;false;;1
interactive-complex-2;0;0;35;false;;1
interactive-complex-2;1;0;12;false;;1
interactive-complex-2;2;0;9;false;;1
interactive-complex-2;3;0;79;false;;1
interactive-complex-2;4;0;7;false;;1
interactive-complex-3;0;0;2;false;;1
interactive-complex-3;1;0;1;false;;1
interactive-complex-3;2;0;2;false;;1
interactive-complex-3;3;0;7;false;;1
interactive-complex-3;4;0;1;false;;1
interactive-complex-4;0;0;5;false;;1
interactive-complex-4;1;0;3;false;;1
interactive-complex-4;2;0;2;false;;1
interactive-complex-4;3;0;0;false;;1
interactive-complex-4;4;0;1;false;;1
interactive-complex-5;0;0;1;false;;1
interactive-complex-5;1;0;119841;true;;
interactive-complex-5;2;0;119895;true;;
interactive-complex-5;3;0;119875;true;;
interactive-complex-5;4;0;119888;true;;
interactive-complex-6;0;0;28;false;;1
interactive-complex-6;1;0;119858;true;;
interactive-complex-6;2;0;119883;true;;
interactive-complex-6;3;0;49;false;;1
interactive-complex-6;4;0;73;false;;1
interactive-complex-7;0;0;1522;false;;1
interactive-complex-7;1;0;1709;false;;2
interactive-complex-7;2;0;723;false;;2
interactive-complex-7;3;0;325;false;;2
interactive-complex-7;4;0;275;false;;2
interactive-complex-8;0;0;26;false;;2
interactive-complex-8;1;0;60;false;;2
interactive-complex-8;2;0;51;false;;2
interactive-complex-8;3;0;119879;true;;
interactive-complex-8;4;0;119660;true;;
interactive-complex-9;0;0;56;false;;1
interactive-complex-9;1;0;83;false;;1
interactive-complex-9;2;0;61;false;;1
interactive-complex-9;3;0;96;false;;1
interactive-complex-9;4;0;83;false;;1
