name;id;results;time;error;timestamps;httpRequests
interactive-complex-1;0;0;119043;true;;
interactive-complex-1;1;0;118943;true;;
interactive-complex-1;2;0;1674;false;;38
interactive-complex-1;3;0;119768;true;;
interactive-complex-1;4;0;992;false;;16
interactive-complex-10;0;0;318;false;;21
interactive-complex-10;1;0;803;false;;33
interactive-complex-10;2;0;456;false;;38
interactive-complex-10;3;0;778;false;;54
interactive-complex-10;4;0;180;false;;16
interactive-complex-11;0;0;119824;true;;
interactive-complex-11;1;0;119038;true;;
interactive-complex-11;2;0;119107;true;;
interactive-complex-11;3;0;119113;true;;
interactive-complex-11;4;0;119088;true;;
interactive-complex-12;0;0;12334;false;;66
interactive-complex-12;1;0;866;false;;61
interactive-complex-12;2;0;206;false;;10
interactive-complex-12;3;0;399;false;;32
interactive-complex-12;4;0;76171;false;;49
interactive-complex-2;0;0;9296;false;;66
interactive-complex-2;1;0;5905;false;;61
interactive-complex-2;2;0;623;false;;10
interactive-complex-2;3;0;3378;false;;32
interactive-complex-2;4;0;23578;false;;49
interactive-complex-3;0;0;463;false;;32
interactive-complex-3;1;0;229;false;;14
interactive-complex-3;2;0;429;false;;21
interactive-complex-3;3;0;1098;false;;116
interactive-complex-3;4;0;894;false;;133
interactive-complex-4;0;0;329;false;;27
interactive-complex-4;1;0;1261;false;;50
interactive-complex-4;2;0;170;false;;15
interactive-complex-4;3;0;168;false;;16
interactive-complex-4;4;0;193;false;;17
interactive-complex-5;0;0;119972;true;;
interactive-complex-5;1;0;119289;true;;
interactive-complex-5;2;0;119098;true;;
interactive-complex-5;3;0;119205;true;;
interactive-complex-5;4;0;119100;true;;
interactive-complex-6;0;0;119078;true;;
interactive-complex-6;1;0;119068;true;;
interactive-complex-6;2;0;119162;true;;
interactive-complex-6;3;0;119191;true;;
interactive-complex-6;4;0;119162;true;;
interactive-complex-7;0;0;132913;true;;
interactive-complex-7;1;0;131671;true;;
interactive-complex-7;2;0;125126;true;;
interactive-complex-7;3;0;119410;true;;
interactive-complex-7;4;0;120745;true;;
interactive-complex-8;0;0;122318;true;;
interactive-complex-8;1;0;120333;true;;
interactive-complex-8;2;0;126824;true;;
interactive-complex-8;3;0;127852;true;;
interactive-complex-8;4;0;120194;true;;
interactive-complex-9;0;0;6188;false;;29
interactive-complex-9;1;0;45408;false;;54
interactive-complex-9;2;0;2521;false;;21
interactive-complex-9;3;0;10777;false;;33
interactive-complex-9;4;0;120043;true;;
