name;id;results;time;error;timestamps;httpRequests
interactive-complex-1;0;0;1697;false;;20
interactive-complex-1;1;0;119638;true;;
interactive-complex-1;2;0;1682;false;;37
interactive-complex-1;3;0;119709;true;;
interactive-complex-1;4;0;1004;false;;15
interactive-complex-10;0;0;246;false;;20
interactive-complex-10;1;0;805;false;;31
interactive-complex-10;2;0;531;false;;37
interactive-complex-10;3;0;855;false;;52
interactive-complex-10;4;0;259;false;;15
interactive-complex-11;0;0;119958;true;;
interactive-complex-11;1;0;119875;true;;
interactive-complex-11;2;0;119857;true;;
interactive-complex-11;3;0;119838;true;;
interactive-complex-11;4;0;119905;true;;
interactive-complex-12;0;0;11768;false;;64
interactive-complex-12;1;0;972;false;;59
interactive-complex-12;2;0;149;false;;10
interactive-complex-12;3;0;425;false;;31
interactive-complex-12;4;0;86401;false;;47
interactive-complex-2;0;0;9771;false;;64
interactive-complex-2;1;0;6727;false;;59
interactive-complex-2;2;0;689;false;;10
interactive-complex-2;3;0;3251;false;;31
interactive-complex-2;4;0;22396;false;;47
interactive-complex-3;0;0;428;false;;30
interactive-complex-3;1;0;179;false;;14
interactive-complex-3;2;0;410;false;;19
interactive-complex-3;3;0;984;false;;114
interactive-complex-3;4;0;1099;false;;131
interactive-complex-4;0;0;302;false;;25
interactive-complex-4;1;0;969;false;;48
interactive-complex-4;2;0;174;false;;13
interactive-complex-4;3;0;338;false;;15
interactive-complex-4;4;0;237;false;;17
interactive-complex-5;0;0;119990;true;;
interactive-complex-5;1;0;119881;true;;
interactive-complex-5;2;0;119878;true;;
interactive-complex-5;3;0;119855;true;;
interactive-complex-5;4;0;119868;true;;
interactive-complex-6;0;0;119883;true;;
interactive-complex-6;1;0;119879;true;;
interactive-complex-6;2;0;119847;true;;
interactive-complex-6;3;0;119869;true;;
interactive-complex-6;4;0;119841;true;;
interactive-complex-7;0;0;120044;true;;
interactive-complex-7;1;0;119364;true;;
interactive-complex-7;2;0;120920;true;;
interactive-complex-7;3;0;124532;true;;
interactive-complex-7;4;0;121532;true;;
interactive-complex-8;0;0;123779;true;;
interactive-complex-8;1;0;125308;true;;
interactive-complex-8;2;0;121950;true;;
interactive-complex-8;3;0;120437;true;;
interactive-complex-8;4;0;122743;true;;
interactive-complex-9;0;0;5808;false;;27
interactive-complex-9;1;0;45081;false;;52
interactive-complex-9;2;0;2544;false;;20
interactive-complex-9;3;0;10446;false;;31
interactive-complex-9;4;0;123299;true;;
