name;id;results;time;error;timestamps;httpRequests
interactive-complex-1;0;0;119135;true;;
interactive-complex-1;1;0;119057;true;;
interactive-complex-1;2;0;1483;false;;11
interactive-complex-1;3;0;119682;true;;
interactive-complex-1;4;0;846;false;;10
interactive-complex-10;0;0;101;false;;9
interactive-complex-10;1;0;310;false;;17
interactive-complex-10;2;0;125;false;;11
interactive-complex-10;3;0;624;false;;39
interactive-complex-10;4;0;163;false;;10
interactive-complex-11;0;0;119902;true;;
interactive-complex-11;1;0;119269;true;;
interactive-complex-11;2;0;119255;true;;
interactive-complex-11;3;0;119050;true;;
interactive-complex-11;4;0;119325;true;;
interactive-complex-12;0;0;11568;false;;44
interactive-complex-12;1;0;797;false;;51
interactive-complex-12;2;0;16;false;;1
interactive-complex-12;3;0;131;false;;11
interactive-complex-12;4;0;74490;false;;37
interactive-complex-2;0;0;7107;false;;44
interactive-complex-2;1;0;5160;false;;51
interactive-complex-2;2;0;6;false;;1
interactive-complex-2;3;0;1571;false;;11
interactive-complex-2;4;0;22066;false;;37
interactive-complex-3;0;0;232;false;;19
interactive-complex-3;1;0;3;false;;1
interactive-complex-3;2;0;62;false;;6
interactive-complex-3;3;0;933;false;;100
interactive-complex-3;4;0;1101;false;;122
interactive-complex-4;0;0;92;false;;10
interactive-complex-4;1;0;902;false;;37
interactive-complex-4;2;0;91;false;;5
interactive-complex-4;3;0;28;false;;4
interactive-complex-4;4;0;0;false;;1
interactive-complex-5;0;0;119957;true;;
interactive-complex-5;1;0;119123;true;;
interactive-complex-5;2;0;119012;true;;
interactive-complex-5;3;0;119160;true;;
interactive-complex-5;4;0;119266;true;;
interactive-complex-6;0;0;119179;true;;
interactive-complex-6;1;0;119234;true;;
interactive-complex-6;2;0;119321;true;;
interactive-complex-6;3;0;119096;true;;
interactive-complex-6;4;0;119114;true;;
interactive-complex-7;0;0;122851;true;;
interactive-complex-7;1;0;145141;true;;
interactive-complex-7;2;0;123346;true;;
interactive-complex-7;3;0;120068;true;;
interactive-complex-7;4;0;122908;true;;
interactive-complex-8;0;0;120354;true;;
interactive-complex-8;1;0;120296;true;;
interactive-complex-8;2;0;119077;true;;
interactive-complex-8;3;0;119580;true;;
interactive-complex-8;4;0;120595;true;;
interactive-complex-9;0;0;1389;false;;9
interactive-complex-9;1;0;40951;false;;39
interactive-complex-9;2;0;890;false;;9
interactive-complex-9;3;0;7435;false;;17
interactive-complex-9;4;0;120184;true;;
